{"cameraMode":{"drawMode":0,"name":"Shaded","section":"Shading Mode"},"sceneLighting":false,"audioPlay":false,"sceneViewState":{"showFog":true,"showMaterialUpdate":false,"showSkybox":false,"showFlares":true,"showImageEffects":true,"showParticleSystems":true},"in2DMode":false,"pivot":{"x":-1.8891410827636719,"y":2.738405466079712,"z":3.275367498397827},"rotation":{"x":0.17258164286613465,"y":-0.5242729783058167,"z":0.10945151746273041,"w":0.8266643285751343},"size":8.268260955810547,"orthographic":false}