{"cameraMode":{"drawMode":0,"name":"Shaded","section":"Shading Mode"},"sceneLighting":false,"audioPlay":false,"sceneViewState":{"showFog":true,"showMaterialUpdate":false,"showSkybox":false,"showFlares":true,"showImageEffects":true,"showParticleSystems":true},"in2DMode":false,"pivot":{"x":-0.5100002288818359,"y":0.46142637729644778,"z":2.726487159729004},"rotation":{"x":0.00929960422217846,"y":-0.04498647153377533,"z":0.0004185010038781911,"w":0.9989442825317383},"size":8.268260955810547,"orthographic":false}